artist_clean,macro_genre,sub_genre,energy_level,mood
forfun,rock,alternative rock,medium,"happy, energetic, melancholic"
astrix,electronic,psytrance,very_high,"energetic, psychedelic"
limp bizkit,rock,nu metal,very_high,"aggressive, energetic"
linkin park,rock,nu metal,high,"aggressive, energetic, melancholic"
vegas,electronic,synth pop,medium,"happy, energetic"
blink182,rock,pop punk,high,"happy, energetic"
freedom fighters,electronic,dance music,high,"energetic, happy"
groundbass,electronic,ambient techno,low,"calm, melancholic"
system of a down,metal,alternative metal,high,"aggressive, energetic, psychedelic"
blazy,electronic,chillwave ambient,low,"calm, melancholic"
neelix,electronic,psytrance,high,"energetic, happy, psychedelic"
vini vici,electronic,psytrance,very_high,"energetic, happy, psychedelic"
electric universe,electronic,psychedelic trance,high,"energetic, psychedelic"
captain hook,rock,alternative rock,medium,"melancholic, energetic"
phaxe,electronic,progressive trance,high,"energetic, psychedelic"
the offspring,rock,punk rock,high,"energetic, aggressive"
omiki,electronic,ambient techno,low,"calm, melancholic"
ranji,electronic,ambient techno,low,"calm, melancholic"
avenged sevenfold,metal,heavy metal,high,"aggressive, energetic, melancholic"
synthatic,electronic,synthwave,medium,"calm, psychedelic, energetic"
ghost rider,rock,alternative rock,medium,"melancholic, energetic"
avalon,pop,synth pop,medium,"happy, energetic"
a day to remember,rock,post-hardcore pop-punk,high,"energetic, aggressive, happy"
slipknot,metal,nu metal,very_high,"aggressive, energetic"
vermont,electronic,ambient techno,low,"calm, melancholic"
terra,electronic,ambient techno,low,"calm, melancholic"
bloodywood,metal,folk metal,high,"aggressive, energetic"
tijah,electronic,synth pop,medium,"calm, happy"
merkaba,electronic,downtempo ambient,low,"calm, melancholic, psychedelic"
avicii,electronic,progressive house,high,"happy, energetic"
mitsunari br,electronic,experimental ambient,low,"calm, melancholic"
invasion,electronic,synthwave,medium,"calm, energetic"
charlie brown jr,rock,alternative rock,medium,"energetic, happy, melancholic"
gms,electronic,psytrance,high,"energetic, psychedelic"
the ghost inside,metal,metalcore,very_high,"aggressive, energetic"
sum 41,rock,pop punk,high,"energetic, happy, aggressive"
anavitria,electronic,ambient techno,low,"calm, melancholic"
ace ventura,other,soundtrack comedy,medium,"happy, energetic"
celestial aeon project,electronic,ambient trance,low,"calm, psychedelic"
calvin harris,electronic,dance pop,high,"happy, energetic"
foo fighters,rock,alternative rock,high,"energetic, aggressive"
avan7,electronic,synth pop,medium,"happy, energetic"
tisto,electronic,progressive house,high,"energetic, happy"
technical hitch,electronic,experimental techno,medium,"calm, psychedelic, energetic"
killerwatts,electronic,bass music,high,"energetic, psychedelic"
korn,metal,nu metal,high,"aggressive, energetic, melancholic"
falling in reverse,rock,post-hardcore,high,"aggressive, energetic, melancholic"
blastoyz,electronic,psytrance,high,"energetic, happy"
swedish house mafia,electronic,house music,high,"happy, energetic"
howard shore,other,film score,low,"calm, melancholic"
armin van buuren,electronic,trance progressive,high,"energetic, happy"
strike,rock,alternative rock,medium,"energetic, melancholic"
braza,other,experimental electronic,medium,"calm, psychedelic"
rinkadink,electronic,glitch hop,medium,"happy, energetic"
skindred,rock,metal reggae fusion,high,"energetic, aggressive"
bring me the horizon,metal,post-hardcore metalcore,high,"aggressive, energetic, melancholic"
green day,rock,punk rock,high,"energetic, aggressive"
pitty,rock,alternative rock,medium,"melancholic, energetic"
jirayauai,other,experimental electronic,medium,"calm, psychedelic"
basscannon,electronic,dubstep bass,very_high,"energetic, aggressive"
trilhas e razes,other,world music,medium,"calm, melancholic, psychedelic"
altruism,electronic,ambient techno,low,"calm, melancholic"
mahakatha,other,experimental fusion,medium,"calm, psychedelic"
faders,electronic,synth pop,medium,"happy, energetic"
pandora,electronic,synth pop,medium,"calm, happy"
sajanka,electronic,ambient techno,low,"calm, melancholic"
mrkitty,electronic,synthwave darkwave,medium,"melancholic, energetic"
dimitri vegas like mike,electronic,big room house,very_high,"happy, energetic"
the rasmus,rock,alternative rock,medium,"melancholic, energetic"
liquid soul,electronic,liquid drum and bass,high,"energetic, happy, psychedelic"
aronchupa,electronic,dance pop,high,"happy, energetic"
coldplay,rock,alternative rock,medium,"calm, happy, melancholic"
charlotte de witte,electronic,techno,high,"energetic, aggressive"
antonio vivaldi,other,classical baroque,medium,"calm, melancholic"
fresno,rock,alternative rock,medium,"melancholic, energetic"
cronocops,electronic,synthwave retro,medium,"calm, energetic"
pantera,metal,groove metal,very_high,"aggressive, energetic"
rage against the machine,rock,rap metal,very_high,"aggressive, energetic"
dead musicians society,rock,alternative rock,medium,"melancholic, energetic"
talpa,electronic,psychedelic trance,high,"energetic, psychedelic"
gorillaz,electronic,alternative hip hop,medium,"energetic, melancholic, psychedelic"
major7,electronic,chillwave ambient,low,"calm, melancholic"
cpm 22,rock,punk rock,high,"energetic, aggressive"
perfect stranger,electronic,progressive house,medium,"calm, happy, energetic"
rfs du sol,electronic,indie dance,medium,"calm, happy, energetic"
nx zero,rock,alternative rock,medium,"energetic, melancholic"
all in one,other,experimental fusion,medium,"calm, psychedelic, energetic"
animato,electronic,synth pop,medium,"calm, happy"
querox,electronic,ambient techno,medium,"calm, psychedelic"
loveless,rock,shoegaze dream-pop,low,"calm, melancholic, psychedelic"
shanti people,electronic,chill out,medium,"calm, happy, psychedelic"
ludwig van beethoven,other,classical music,medium,"calm, melancholic"
kataklysm,metal,death metal,very_high,"aggressive, energetic"
meduza,electronic,house music,high,"happy, energetic"
damian marley,reggae,dancehall reggae,medium,"happy, energetic"
evanescence,rock,gothic rock,medium,"melancholic, energetic"
bullet for my valentine,metal,metalcore,very_high,"aggressive, energetic"
skank,reggae,ska reggae fusion,medium,"happy, energetic"
earthspace,electronic,ambient techno,low,"calm, melancholic, psychedelic"
menumas,electronic,ambient techno,low,"calm, melancholic"
the chainsmokers,electronic,dance pop,high,"happy, energetic"
architects,metal,metalcore,very_high,"aggressive, energetic"
wolfgang amadeus mozart,other,classical,low,"calm, melancholic"
aura vortex,electronic,ambient techno,low,"calm, psychedelic"
the whispering hymn,other,ambient folk,low,"calm, melancholic"
rising dust,electronic,ambient downtempo,low,"calm, melancholic"
chapeleiro,electronic,psychedelic trance,high,"energetic, happy"
imagine dragons,rock,alternative rock,medium,"energetic, happy, melancholic"
claudinho brasil,other,brazilian pop,medium,"happy, energetic"
tristan,electronic,ambient techno,low,"calm, melancholic"
sowulo,other,ambient folk,low,"calm, melancholic"
hilight tribe,electronic,tribal house,high,"energetic, happy, psychedelic"
mudvayne,metal,nu metal,high,"aggressive, energetic"
hillsong united,rock,worship rock,medium,"calm, happy, energetic"
adama,electronic,ambient techno,low,"calm, melancholic"
red hot chili peppers,rock,funk rock,high,"energetic, happy, psychedelic"
3 of life,other,experimental electronic,medium,"calm, psychedelic, energetic"
metallica,metal,thrash metal,very_high,"aggressive, energetic"
roberta campos,pop,brazilian pop,medium,"happy, calm"
alpha portal,electronic,psychedelic trance,high,"energetic, psychedelic"
bob marley the wailers,reggae,roots reggae,medium,"calm, happy, energetic"
webra,electronic,ambient techno,low,"calm, melancholic"
perception,electronic,ambient techno,low,"calm, melancholic"
audioslave,rock,alternative metal,high,"aggressive, energetic, melancholic"
alice in chains,rock,grunge alternative metal,medium,"melancholic, aggressive"
roby giordana,electronic,tech house,medium,"happy, energetic"
far east movement,hip_hop,electronic hip hop,high,"happy, energetic"
alok,electronic,dance music,high,"happy, energetic"
megadeth,metal,thrash metal,very_high,"aggressive, energetic"
dekel,electronic,ambient techno,low,"calm, melancholic"
m83,electronic,synth pop,medium,"calm, melancholic, psychedelic"
avalien,electronic,ambient techno,low,"calm, melancholic, psychedelic"
detonautas roque clube,rock,alternative rock,medium,"energetic, happy, melancholic"
raul seixas,rock,brazilian rock,medium,"happy, psychedelic, energetic"
machete bomb,other,experimental rock,medium,"energetic, psychedelic"
post malone,hip_hop,rap rock pop,medium,"happy, energetic, melancholic"
morten granau,electronic,progressive house,high,"energetic, happy"
konaefiz,electronic,ambient techno,low,"calm, melancholic"
rubel,other,indie pop,medium,"calm, happy, melancholic"
parov stelar,electronic,electro swing,medium,"happy, energetic"
thiaguinho,other,samba pop,medium,"happy, energetic"
papa roach,rock,alternative metal,high,"aggressive, energetic"
nf,hip_hop,emotional rap,medium,"melancholic, energetic"
berg,electronic,ambient techno,low,"calm, melancholic"
steve aoki,electronic,electro house,very_high,"happy, energetic"
onerepublic,pop,alternative rock,medium,"happy, energetic, melancholic"
mad maxx,electronic,hard trance,high,"energetic, happy"
harry styles,pop,synth pop,medium,"happy, energetic"
trampsta,electronic,trap music,high,"energetic, happy"
chemical noise,electronic,experimental noise,medium,"psychedelic, energetic"
mandragora,electronic,psychedelic trance,high,"energetic, psychedelic"
kvsh,electronic,future bass,high,"energetic, happy"
budang,other,experimental electronic,medium,"calm, psychedelic"
creed,rock,post-grunge alternative,medium,"melancholic, energetic"
three days grace,rock,post-grunge alternative,high,"aggressive, energetic, melancholic"
jack johnson,rock,acoustic rock,low,"calm, happy"
maroon 5,pop,pop rock,medium,"happy, energetic"
nelson gonalves,other,brazilian popular music,medium,"calm, happy, melancholic"
indira paganotto,electronic,techno house,high,"energetic, happy"
mekkanikka,electronic,industrial techno,high,"energetic, aggressive"
pod,rock,alternative rock,medium,"melancholic, energetic"
reverence,other,experimental ambient,low,"calm, melancholic, psychedelic"
memento mori,other,dark ambient,low,"calm, melancholic, psychedelic"
legio urbana,rock,alternative rock,medium,"melancholic, energetic"
mad tribe,electronic,psytrance,very_high,"energetic, psychedelic"
marjorie estiano,pop,singer songwriter,medium,"calm, happy, melancholic"
munknrr,electronic,experimental ambient,low,"calm, melancholic"
mavic,electronic,ambient techno,low,"calm, melancholic"
lagum,pop,indie pop,medium,"happy, energetic"
adele,pop,soulful ballad,low,"calm, melancholic"
undercover,electronic,synth pop,medium,"calm, happy, psychedelic"
new west,rock,alternative country,medium,"calm, melancholic, happy"
rise against,rock,punk rock,high,"aggressive, energetic"
hateen,rock,alternative rock,medium,"melancholic, energetic"
disturbed,metal,alternative metal,high,"aggressive, energetic"
sepultura,metal,thrash metal,very_high,"aggressive, energetic"
david guetta,electronic,dance pop,high,"happy, energetic"
pettra,electronic,synth pop,medium,"happy, energetic"
drowning pool,metal,nu metal,very_high,"aggressive, energetic"
dubdogz,electronic,house music,high,"happy, energetic"
nando reis,rock,alternative rock,medium,"calm, melancholic, happy"
illusionize,electronic,house music,high,"energetic, happy"
o rappa,reggae,rock reggae fusion,medium,"happy, energetic, melancholic"
rosa walton,pop,indie pop,medium,"calm, happy, melancholic"
spiritbox,metal,progressive metal,high,"aggressive, energetic, melancholic"
talamasca,electronic,psytrance,high,"energetic, psychedelic"
the weeknd,pop,alternative R&B,medium,"melancholic, energetic"
ls jack,other,indie pop,medium,"happy, energetic"
dezko,electronic,future bass,high,"energetic, happy"
adalamoon,electronic,synth pop,medium,"calm, happy, energetic"
xalv,electronic,ambient techno,low,"calm, melancholic"
hi profile,electronic,synth pop,medium,"happy, energetic"
burn in noise,electronic,psytrance,high,"energetic, psychedelic"
martin garrix,electronic,progressive house,high,"happy, energetic"
eminem,hip_hop,"rap, hip hop",high,"aggressive, energetic"
jorge mateus,other,sertanejo universitário,medium,"happy, energetic"
becker,other,indie pop,medium,"calm, happy"
crystal castles,electronic,synthpop noise,high,"energetic, aggressive, psychedelic"
maneva,reggae,roots reggae,medium,"calm, happy"
dzp,electronic,experimental ambient,low,"calm, melancholic"
kavinsky,electronic,synthwave,medium,"melancholic, energetic"
amanati,electronic,ambient techno,low,"calm, melancholic"
ini kamoze,reggae,dancehall,medium,"happy, energetic"
bad omens,rock,post-hardcore,high,"aggressive, energetic, melancholic"
os paralamas do sucesso,rock,alternative rock,medium,"happy, energetic, melancholic"
decapitated,metal,death metal,very_high,"aggressive, energetic"
stuff,other,experimental rock,medium,"calm, melancholic, psychedelic"
fury in few,metal,post-hardcore,high,"aggressive, energetic"
the kid laroi,hip_hop,pop rap,medium,"happy, energetic"
world complete,other,experimental electronic,medium,"calm, psychedelic"
memphis may fire,metal,post-hardcore,high,"aggressive, energetic"
deorro,electronic,progressive house,high,"happy, energetic"
spectra sonics,electronic,ambient techno,low,"calm, psychedelic"
uncharted territory,other,experimental rock,medium,"calm, psychedelic, melancholic"
glowing aura,electronic,ambient pop,low,"calm, melancholic"
soja,reggae,roots reggae,medium,"calm, happy"
miley cyrus,pop,dance pop,high,"happy, energetic"
pixote,other,samba pop,medium,"happy, energetic"
gilsons,pop,brazilian pop,medium,"happy, calm"
pearl jam,rock,grunge alternative,medium,"melancholic, energetic"
lilly palmer,electronic,techno house,high,"energetic, happy"
mareux,electronic,dark wave,medium,"melancholic, psychedelic"
wnboss,electronic,experimental ambient,low,"calm, melancholic"
staticx,metal,industrial metal,very_high,"aggressive, energetic"
burn the priest,metal,heavy metal,very_high,"aggressive, energetic"
vintage culture,electronic,house music,high,"happy, energetic"
shanka tribe,other,tribal fusion,medium,"calm, psychedelic, energetic"
macedo,electronic,synth pop,medium,"happy, energetic"
nicolas julian,electronic,house music,medium,"happy, energetic"
raz,electronic,ambient techno,low,"calm, melancholic"
schrotthagen,other,experimental rock,medium,"melancholic, psychedelic"
sonic species,electronic,psytrance,very_high,"energetic, psychedelic"
plenka,electronic,ambient techno,low,"calm, melancholic"
the neighbourhood,rock,indie pop,medium,"calm, melancholic, energetic"
lavern,other,experimental pop,medium,"calm, psychedelic"
emov,rock,emo rock,medium,"melancholic, energetic"
marilyn manson,metal,industrial rock,high,"aggressive, melancholic, energetic"
marti shanti,other,experimental ambient,low,"calm, melancholic"
bhaskar,electronic,dance music,high,"energetic, happy"
kova,electronic,synth pop,medium,"calm, happy"
alpha blondy,reggae,roots reggae,medium,"calm, happy, energetic"
my chemical romance,rock,emo punk rock,high,"aggressive, melancholic, energetic"
emmure,metal,deathcore metal,very_high,"aggressive, energetic"
maddix,electronic,future house,high,"energetic, happy"
marshmello,electronic,future bass,high,"happy, energetic"
caskets,rock,post-hardcore,high,"aggressive, energetic, melancholic"
parasynthax,electronic,synthwave ambient,medium,"calm, psychedelic"
absolem,electronic,experimental ambient,low,"calm, melancholic, psychedelic"
space tribe,electronic,psychedelic trance,high,"energetic, psychedelic"
synthwave goose,electronic,synthwave,medium,"calm, happy, energetic"
headroom,electronic,ambient techno,low,"calm, melancholic"
vj,electronic,ambient techno,low,"calm, melancholic"
matheus kauan,pop,sertanejo pop,medium,"happy, energetic"
dead fish,rock,punk rock,high,"aggressive, energetic"
hozier,rock,indie folk,medium,"calm, melancholic, happy"
kublai khan tx,metal,hardcore punk,very_high,"aggressive, energetic"
supermode,electronic,house music,high,"happy, energetic"
sumiruna,other,experimental ambient,low,"calm, melancholic, psychedelic"
slaughter to prevail,metal,deathcore,very_high,"aggressive, energetic"
klische,electronic,synth pop,medium,"calm, happy"
polaris,rock,post-rock,medium,"calm, melancholic, psychedelic"
henrique juliano,pop,sertanejo universitário,medium,"happy, energetic"
melim,pop,indie pop,medium,"happy, calm"
sesto sento,electronic,psytrance,high,"energetic, happy, psychedelic"
domestic,electronic,ambient house,low,"calm, melancholic"
aesthetic perfection,electronic,synthpop industrial,medium,"energetic, melancholic"
franz schubert,other,classical romantic,low,"calm, melancholic"
pixies,rock,alternative rock,medium,"aggressive, energetic, melancholic"
jason aldean,other,country rock,medium,"happy, energetic"
the ink spots,other,vocal jazz,low,"calm, melancholic"
cssia eller,pop,synth pop,medium,"happy, energetic"
paramore,rock,pop punk,high,"energetic, happy, aggressive"
dragon ball,other,anime soundtrack,medium,"energetic, happy, psychedelic"
ritmo,electronic,dance pop,high,"happy, energetic"
sonata arctica,metal,power metal,high,"energetic, melancholic"
ekkstacy,rock,alternative rock,medium,"melancholic, energetic"
30 seconds to mars,rock,alternative rock,high,"energetic, aggressive, melancholic"
halsey,pop,electropop alternative,medium,"melancholic, energetic"
hans zimmer,other,film score,medium,"calm, melancholic, energetic"
sleep token,rock,alternative metal,medium,"melancholic, energetic"
simple plan,rock,pop punk,high,"energetic, happy, aggressive"
odesza,electronic,chillwave future bass,medium,"calm, happy, energetic"
chimarruts,reggae,roots reggae,medium,"calm, happy"
major lazer,electronic,dancehall electronic,high,"happy, energetic"
subtonic,electronic,ambient techno,low,"calm, melancholic"
bury tomorrow,metal,metalcore,very_high,"aggressive, energetic"
johann sebastian bach,other,baroque classical,low,"calm, melancholic"
hevo84,electronic,synthwave,medium,"calm, energetic"
lewis capaldi,pop,singer-songwriter,low,"calm, melancholic"
katy perry,pop,dance pop,high,"happy, energetic"
arctic monkeys,rock,indie rock,medium,"energetic, melancholic"
mama quilla,other,world music,medium,"calm, happy, melancholic"
alpha wolf,metal,metalcore,very_high,"aggressive, energetic"
we came as romans,metal,post-hardcore,high,"aggressive, energetic, melancholic"
phantom br,electronic,ambient techno,low,"calm, melancholic"
unstable,electronic,experimental ambient,low,"calm, melancholic"
jah live,reggae,roots reggae,medium,"calm, happy, melancholic"
beltran,electronic,ambient techno,low,"calm, melancholic"
daniel deluxe,electronic,synthwave,medium,"calm, energetic"
audiomatic,electronic,synth pop,medium,"happy, energetic"
vector seven,electronic,synthwave,medium,"calm, energetic"
billy idol,rock,new wave,high,"energetic, happy, aggressive"
depeche mode,electronic,synth-pop,medium,"melancholic, energetic"
oliver tree,electronic,alternative pop,medium,"energetic, happy, melancholic"
gojira,metal,progressive death,very_high,"aggressive, energetic, melancholic"
alesso,electronic,progressive house,high,"happy, energetic"
alceu valena,other,MPB,medium,"calm, happy, melancholic"
elis regina,other,bossa nova,low,"calm, melancholic"
manifest now,other,experimental pop,medium,"calm, psychedelic, energetic"
eekamouse,reggae,dancehall,medium,"happy, energetic"
restricted,other,experimental rock,medium,"calm, melancholic, psychedelic"
dang3r,electronic,experimental bass,high,"energetic, psychedelic"
ww,other,experimental electronic,medium,"calm, psychedelic"
blind guardian,metal,power metal,high,"energetic, aggressive, melancholic"
pixel,electronic,synth pop,medium,"happy, energetic"
timmy trumpet,electronic,dance music,very_high,"happy, energetic"
pato fu,rock,alternative rock,medium,"happy, energetic, psychedelic"
dvrst,electronic,lofi hip hop,low,"calm, melancholic"
ajja,electronic,psychedelic trance,high,"energetic, psychedelic"
planta e raiz,reggae,roots reggae,medium,"calm, happy"
travis scott,hip_hop,trap rap,high,"energetic, aggressive"
zyce,electronic,ambient techno,medium,"calm, psychedelic"
anyma,electronic,progressive house,high,"energetic, happy"
loud,rock,alternative rock,high,"energetic, aggressive"
mike posner,pop,electropop singer-songwriter,medium,"calm, happy, melancholic"
art of trance,electronic,trance music,high,"energetic, psychedelic"
breezy,pop,indie pop,medium,"happy, energetic"
boris brejcha,electronic,techno minimal,high,"energetic, psychedelic"
john summit,electronic,house music,high,"happy, energetic"
xir missioneiro,other,experimental electronic,medium,"calm, psychedelic, melancholic"
her last sight,rock,post-rock,medium,"melancholic, calm"
dawn penn,reggae,dancehall,medium,"calm, happy"
sara landry,pop,synth pop,medium,"happy, energetic"
will sparks,electronic,dance music,very_high,"happy, energetic"
stryker,rock,alternative rock,medium,"energetic, melancholic"
tiago iorc,pop,indie pop,medium,"calm, happy, melancholic"
rupestre,other,experimental rock,medium,"calm, psychedelic, melancholic"
mxpx,rock,punk rock,high,"energetic, aggressive"
maskavo,other,experimental pop,medium,"calm, psychedelic, happy"
alien art,electronic,experimental ambient,low,"calm, melancholic, psychedelic"
egorythmia,electronic,psychedelic trance,high,"energetic, psychedelic"
queens of the dream world,other,dream pop,medium,"calm, melancholic, psychedelic"
blackhills,electronic,ambient techno,low,"calm, melancholic"
sonic entity,electronic,ambient techno,low,"calm, melancholic"
natiruts,reggae,roots reggae,medium,"calm, happy, energetic"
miss monique,electronic,progressive house,high,"energetic, happy"
wrecked machines,electronic,industrial techno,high,"energetic, aggressive"
sighter,electronic,synth pop,medium,"calm, happy, energetic"
adoniran barbosa,other,samba paulista,medium,"happy, melancholic"
fred again,electronic,dance pop,high,"happy, energetic"
godsmack,metal,alternative metal,high,"aggressive, energetic"
kings of leon,rock,alternative rock,medium,"energetic, melancholic"
astral projection,electronic,psychedelic trance,high,"energetic, psychedelic"
skillet,rock,alternative metal,high,"aggressive, energetic"
ambler,electronic,ambient downtempo,low,"calm, melancholic"
u2,rock,alternative rock,medium,"energetic, melancholic"
luiz gonzaga,other,forró,medium,"happy, energetic"
the plot in you,rock,post-hardcore,high,"aggressive, melancholic, energetic"
gottinari,electronic,synth pop,medium,"happy, energetic"
chris lake,electronic,house music,high,"happy, energetic"
gorovich,electronic,ambient techno,low,"calm, melancholic"
magnolia park,rock,pop punk,high,"energetic, happy"
argy,electronic,tech house,medium,"calm, energetic"
kobi,electronic,synth pop,medium,"happy, energetic"
juno reactor,electronic,psychedelic trance,high,"energetic, psychedelic"
stone sour,rock,alternative metal,high,"aggressive, energetic, melancholic"
the temper trap,rock,indie rock,medium,"happy, energetic, melancholic"
dj snake,electronic,trap music,high,"energetic, happy"
ed sheeran,pop,singer songwriter,medium,"calm, happy, melancholic"
jonas blue,electronic,dance pop,high,"happy, energetic"
synergetic emotion,electronic,ambient techno,low,"calm, melancholic"
upgrade,electronic,synthwave,medium,"happy, energetic"
electric callboy,electronic,electronicore,very_high,"energetic, happy, aggressive"
dexter jexxster,hip_hop,trap rap,high,"energetic, happy"
rob brainstorm,other,experimental rock,medium,"calm, psychedelic, melancholic"
bunt,electronic,chillwave ambient,low,"calm, melancholic"
henrique camacho,other,indie pop,medium,"happy, calm"
duduca dalvan,other,sertanejo music,medium,"happy, calm"
t78,electronic,techno house,high,"energetic, happy"
angra,metal,progressive power,high,"energetic, aggressive, melancholic"
max romeo,reggae,roots reggae,medium,"calm, happy, melancholic"
stephen sanchez,pop,indie pop,medium,"happy, melancholic"
marcos belutti,pop,sertanejo universitário,medium,"happy, energetic"
symphonix,electronic,symphonic trance,medium,"calm, psychedelic, energetic"
dibob,other,experimental electronic,medium,"calm, psychedelic"
paranormal attack,electronic,psychedelic trance,high,"energetic, psychedelic"
protoje,reggae,conscious reggae,medium,"calm, happy, melancholic"
mato seco,reggae,roots reggae,medium,"calm, happy, melancholic"
lost souls,other,alternative rock,medium,"melancholic, calm"
los hermanos,rock,alternative rock,medium,"calm, melancholic, happy"
galantis,electronic,dance pop,high,"happy, energetic"
whiteno1se,electronic,experimental ambient,low,"calm, melancholic, psychedelic"
deftones,metal,alternative metal,high,"aggressive, melancholic, energetic"
matroda,electronic,house tech,high,"energetic, happy"
nu aspect,electronic,ambient techno,medium,"calm, psychedelic"
gio pika,electronic,synth pop,medium,"happy, energetic"
obf,electronic,experimental bass,medium,"psychedelic, energetic"
aha,pop,synth-pop new wave,medium,"happy, energetic, melancholic"
james hype,electronic,house music,high,"happy, energetic"
vestron vulture,rock,alternative rock,medium,"melancholic, energetic"
seven lions,electronic,dubstep trance,high,"energetic, happy, psychedelic"
zayn,pop,R&B pop,medium,"calm, melancholic, happy"
sugar ray,rock,alternative rock,medium,"happy, energetic"
fisher,electronic,house music,high,"happy, energetic"
filosofia reggae,reggae,roots reggae,medium,"calm, happy"
beckmantra,electronic,experimental ambient,low,"calm, melancholic, psychedelic"
pure healing waves,electronic,ambient soundscapes,low,"calm, melancholic, psychedelic"
deya dova,electronic,ambient pop,low,"calm, melancholic, psychedelic"
hardstyle cvnt,electronic,hardstyle,very_high,"energetic, aggressive"
one direction,pop,boy band pop,medium,"happy, energetic"
hensonn,electronic,synth pop,medium,"happy, energetic"
stephen marley,reggae,roots reggae,medium,"calm, happy"
creeds,rock,alternative rock,medium,"melancholic, energetic"
benson boone,pop,indie pop,medium,"calm, melancholic, happy"
mc igu,hip_hop,trap rap,high,"energetic, aggressive"
holy priest,metal,heavy metal,high,"aggressive, energetic"
sidewalks and skeletons,electronic,dark ambient,low,"calm, melancholic, psychedelic"
asking alexandria,metal,post-hardcore metalcore,high,"aggressive, energetic, melancholic"
radhika vekaria,other,gujarati folk,medium,"happy, energetic"
mc lan,hip_hop,trap rap,high,"energetic, aggressive"
zen mechanics,electronic,psychedelic trance,high,"energetic, psychedelic"
the sleeping bear,rock,indie rock,medium,"calm, melancholic"
skazi,electronic,psytrance,high,"energetic, psychedelic"
dickster,rock,alternative rock,medium,"energetic, happy"
lady gaga,pop,dance pop,high,"happy, energetic"
onze20,electronic,ambient techno,medium,"calm, melancholic, psychedelic"
mushroomhead,metal,alternative metal,high,"aggressive, energetic, melancholic"
cachorro grande,rock,alternative rock,medium,"happy, energetic, melancholic"
native soul,other,soulful electronic,medium,"calm, happy, melancholic"
kid abelha,pop,rock pop,medium,"happy, energetic"
thrown,rock,alternative rock,medium,"melancholic, energetic"
oasis,rock,britpop alternative,medium,"happy, melancholic, energetic"
hugh mundell,reggae,roots reggae,medium,"calm, happy, melancholic"
dr shumanou,electronic,experimental ambient,low,"calm, melancholic"
robin schulz,electronic,deep house,medium,"happy, energetic"
pyotr ilyich tchaikovsky,other,classical music,low,"calm, melancholic"
cartola,other,samba canção,low,"calm, melancholic"
shanti v deedrah,electronic,psychedelic trance,high,"energetic, psychedelic"
nickelback,rock,post-grunge alternative,medium,"energetic, aggressive, melancholic"
muse,rock,alternative rock,high,"energetic, aggressive, melancholic"
calmly,electronic,chill ambient,low,"calm, melancholic"
box car racer,rock,punk rock,high,"aggressive, energetic, melancholic"
falamansa,other,forró,medium,"happy, energetic"
molchat doma,rock,post-punk revival,medium,"melancholic, energetic"
palastic,electronic,synth pop,medium,"happy, energetic"
fungus funk,electronic,funk house,medium,"happy, energetic, psychedelic"
modus,electronic,ambient techno,low,"calm, melancholic"
kabaka pyramid,reggae,conscious reggae,medium,"calm, happy, energetic"
don diablo,electronic,future house,high,"happy, energetic"
watching the abyss,rock,alternative rock,medium,"melancholic, psychedelic"
mc koruja,hip_hop,trap rap,high,"energetic, aggressive"
tales from the dream world,electronic,ambient dream pop,low,"calm, melancholic, psychedelic"
sinnerella,pop,electropop,medium,"happy, energetic"
wage war,metal,metalcore,very_high,"aggressive, energetic, melancholic"
mc lelto,hip_hop,trap rap,high,"energetic, aggressive"
dica,electronic,ambient techno,low,"calm, melancholic"
infected mushroom,electronic,psytrance psychedelic,very_high,"energetic, psychedelic"
44,electronic,experimental ambient,low,"calm, melancholic"
phantogram,electronic,dream pop,medium,"calm, melancholic, psychedelic"
killswitch engage,metal,metalcore,very_high,"aggressive, energetic"
metro boomin,hip_hop,trap production,high,"energetic, aggressive"
axwell ingrosso,electronic,dance pop,high,"happy, energetic"
darkest,metal,black metal,high,"aggressive, melancholic"
giuseppe verdi,other,opera classical,medium,"calm, melancholic"
marina peralta,pop,indie pop,medium,"happy, energetic, melancholic"
rscl,electronic,experimental ambient,low,"calm, melancholic"
ari abdul,pop,alternative pop,medium,"happy, energetic"
billie eilish,pop,electropop alternative,medium,"calm, melancholic, energetic"
vitor kley,pop,indie pop,medium,"happy, energetic"
fideles,electronic,deep house,medium,"calm, melancholic, psychedelic"
hypernoova,electronic,synthwave ambient,medium,"calm, psychedelic, energetic"
stick figure,reggae,roots reggae,medium,"calm, happy"
armandinho,reggae,acoustic reggae,medium,"calm, happy"
nicole alexis,pop,synth pop,medium,"happy, energetic"
kygo,electronic,tropical house,medium,"happy, calm"
ultra sunn,electronic,synth pop,medium,"happy, energetic"
meditating spirit,other,ambient meditation,low,"calm, melancholic, psychedelic"
dimaa,electronic,ambient techno,low,"calm, melancholic"
weedmane,hip_hop,cloud rap,medium,"calm, psychedelic"
digicult,electronic,psychedelic trance,high,"energetic, psychedelic"
incubus,rock,alternative rock,medium,"energetic, melancholic"
raimundos,rock,punk rock,high,"energetic, aggressive"
spiritual frequencies,electronic,ambient soundscapes,low,"calm, psychedelic"
kxllswxtch,electronic,trap metal,high,"aggressive, energetic"
point north,rock,alternative rock,medium,"energetic, melancholic"
djsm,electronic,dance music,high,"energetic, happy"
watsebha,other,experimental electronic,medium,"calm, psychedelic"
dal av,electronic,ambient techno,low,"calm, melancholic"
avril lavigne,pop,pop punk,medium,"happy, energetic"
the wanted,pop,dance pop,medium,"happy, energetic"
gregory isaacs,reggae,roots reggae,low,"calm, melancholic"
vanessa da mata,pop,brazilian pop,medium,"happy, calm"
dopamine,electronic,synth pop,medium,"calm, happy, energetic"
sapientdream,electronic,ambient chill,low,"calm, melancholic, psychedelic"
tnt,electronic,experimental ambient,low,"calm, melancholic"
sattivus,electronic,ambient techno,low,"calm, melancholic"
rexalted,electronic,synth pop,medium,"happy, energetic"
within temptation,metal,symphonic metal,medium,"melancholic, energetic"
cristiano arajo,other,sertanejo universitário,medium,"happy, energetic"
velocity,electronic,synthwave,medium,"energetic, happy"
arcade fire,rock,indie rock,medium,"melancholic, energetic"
cosmic tone,electronic,ambient downtempo,low,"calm, melancholic, psychedelic"
mikeeysmind,electronic,experimental ambient,low,"calm, melancholic"
nirvana,rock,grunge rock,medium,"melancholic, aggressive, energetic"
slumbering shaman,other,psychedelic rock,low,"calm, melancholic, psychedelic"
foxtune,electronic,synth pop,medium,"happy, energetic"
ana carolina,pop,brazilian pop,medium,"calm, happy, melancholic"
fall out boy,rock,pop punk,high,"energetic, happy, aggressive"
black eyed peas,hip_hop,pop rap,high,"happy, energetic"
invader space,electronic,synthwave ambient,medium,"calm, psychedelic"
calcinha preta,other,forró eletrônico,high,"happy, energetic"
pawan krishna,other,world music,medium,"calm, happy"
soothing oasis,electronic,ambient chill,low,"calm, melancholic"
yeti reggae club,reggae,dub reggae,medium,"calm, happy, psychedelic"
totem tone,electronic,ambient experimental,low,"calm, melancholic, psychedelic"
tranquil ceremony,electronic,ambient downtempo,low,"calm, melancholic"
tears for fears,rock,new wave,medium,"melancholic, energetic"
larcia dantas,other,experimental pop,medium,"calm, happy, melancholic"
alborosie,reggae,roots reggae,medium,"calm, happy, energetic"
escape the fate,rock,post-hardcore,high,"aggressive, energetic, melancholic"
lana del rey,pop,dream pop,low,"calm, melancholic"
motionless in white,metal,metalcore,high,"aggressive, energetic"
hindu chants,other,spiritual chants,low,"calm, melancholic"
slovak philharmonic,other,classical orchestra,low,"calm, melancholic"
supercombo,rock,alternative rock,medium,"happy, energetic, melancholic"
angrybaby,electronic,experimental pop,medium,"energetic, happy"
veil of maya,metal,progressive metal,high,"aggressive, energetic"
peggy gou,electronic,house techno,high,"happy, energetic"
expresso regueira,reggae,reggae fusion,medium,"happy, energetic"
sonic massala,electronic,experimental ambient,low,"calm, melancholic, psychedelic"
bastille,pop,indie pop rock,medium,"calm, melancholic, energetic"
guns n roses,rock,hard rock,high,"aggressive, energetic"
james blunt,pop,soft rock,low,"calm, melancholic"
nightwish,metal,symphonic metal,high,"energetic, melancholic, aggressive"
vxllain,electronic,experimental bass,high,"energetic, psychedelic"
turma do pagode,other,pagode samba,medium,"happy, energetic"
pisk,electronic,experimental ambient,low,"calm, melancholic"
catch your breath,pop,indie pop,medium,"happy, energetic, melancholic"
pop dog,pop,indie pop,medium,"happy, energetic"
taylor swift,pop,country pop,medium,"happy, melancholic"
tits,other,experimental pop,medium,"energetic, psychedelic"
atitude 67,pop,dance pop,high,"happy, energetic"
kordhell,electronic,lofi hip hop,low,"calm, melancholic"
kormac,electronic,electronic music,medium,"happy, energetic"
azzura,electronic,synth pop,medium,"calm, happy, energetic"
pink floyd,rock,progressive rock,medium,"calm, melancholic, psychedelic"
loud luxury,electronic,dance pop,high,"happy, energetic"
rihanna,pop,dance pop,high,"happy, energetic"
gusttavo lima,other,sertanejo universitário,medium,"happy, energetic"
poltergst,electronic,experimental ambient,low,"calm, melancholic, psychedelic"
pastel ghost,electronic,synth pop,medium,"calm, melancholic, psychedelic"
cypariss,electronic,ambient techno,low,"calm, melancholic"
dido,pop,singer-songwriter,low,"calm, melancholic"
while she sleeps,metal,metalcore,very_high,"aggressive, energetic"
odeon,electronic,ambient techno,low,"calm, melancholic"
jayz,hip_hop,"rap, hip hop, urban",medium,"energetic, aggressive, happy"
hallucinogen,electronic,psychedelic trance,high,"psychedelic, energetic"
starlab,electronic,synth pop,medium,"calm, happy, psychedelic"
porangu,electronic,ambient downtempo,low,"calm, melancholic"
ponto de equilbrio,reggae,roots reggae,medium,"calm, happy, melancholic"
thxsomch,electronic,experimental ambient,low,"calm, melancholic"
interworld,electronic,ambient techno,low,"calm, melancholic"
grey daze,rock,alternative rock,medium,"melancholic, energetic"
elley duh,pop,electropop,medium,"happy, energetic"
epica,metal,symphonic metal,high,"aggressive, energetic, melancholic"
faith no more,rock,alternative metal,medium,"aggressive, energetic, melancholic"
eldzhey,hip_hop,trap rap,high,"energetic, happy"
jeris johnson,rock,alternative rock,high,"energetic, aggressive"
millencolin,rock,punk rock,high,"energetic, happy, aggressive"
bruno mars,pop,R&B funk,medium,"happy, energetic"
hollie cook,reggae,reggae fusion,medium,"happy, calm"
pluvia,other,ambient pop,low,"calm, melancholic"
exaltasamba,other,samba pagode,medium,"happy, energetic"
durs,electronic,ambient techno,low,"calm, melancholic"
twenty one pilots,rock,alternative rock,medium,"energetic, melancholic, happy"
mokalamity,electronic,experimental ambient,low,"calm, melancholic"
prezioso,electronic,dance music,high,"happy, energetic"
miss may i,metal,metalcore,very_high,"aggressive, energetic"
faderhead,electronic,industrial techno,high,"energetic, aggressive"
aar,other,experimental ambient,low,"calm, melancholic"
ras sparrow,reggae,roots reggae,medium,"calm, happy"
october ends,rock,alternative rock,medium,"melancholic, energetic"
4i20,electronic,experimental ambient,low,"calm, melancholic"
opix,electronic,ambient techno,low,"calm, melancholic"
ashlee simpson,pop,pop rock,medium,"happy, energetic"
lord huron,rock,indie folk,medium,"calm, melancholic, happy"
reality test,electronic,experimental ambient,low,"calm, melancholic"
barrington levy,reggae,dancehall reggae,medium,"happy, energetic"
kate bush,rock,art pop,medium,"calm, melancholic, psychedelic"
lost frequencies,electronic,deep house,medium,"calm, happy, energetic"
american authors,pop,indie pop rock,medium,"happy, energetic"
chakra sound bath,electronic,ambient soundscapes,low,"calm, psychedelic"
loreena mckennitt,other,celtic folk,low,"calm, melancholic"
samra,hip_hop,trap rap,high,"energetic, aggressive"
brother culture,reggae,roots reggae,medium,"calm, happy, energetic"
all that remains,metal,metalcore,very_high,"aggressive, energetic"
tove lo,pop,electropop,medium,"happy, energetic, melancholic"
jacob,other,indie pop,medium,"calm, happy"
the cure,rock,post-punk alternative,medium,"melancholic, calm, psychedelic"
dj tony magic,electronic,dance music,high,"energetic, happy"
raa negra,other,experimental rock,medium,"melancholic, psychedelic"
racionais mcs,hip_hop,conscious rap,medium,"aggressive, melancholic, energetic"
amida nature sounds,other,nature sounds,low,calm
slayer,metal,thrash metal,very_high,"aggressive, energetic"
slowboy,electronic,chillwave ambient,low,"calm, melancholic"
shiuli subaya,other,experimental fusion,medium,"calm, melancholic, psychedelic"
mrblack,electronic,techno house,high,"energetic, happy"
the strokes,rock,indie rock,medium,"energetic, happy, melancholic"
bob sinclar,electronic,house music,high,"happy, energetic"
darky,hip_hop,alternative rap,medium,"melancholic, energetic"
april shower,pop,indie pop,medium,"calm, happy, melancholic"
white noise radiance,electronic,ambient noise,low,"calm, melancholic, psychedelic"
thornhill,rock,alternative metal,medium,"melancholic, energetic"
sister nancy,reggae,dancehall,medium,"happy, energetic"
niccol paganini,other,classical violin,medium,"calm, melancholic"
brad sucks,rock,alternative rock,medium,"melancholic, energetic"
interactive noise,electronic,experimental noise,medium,"psychedelic, energetic"
aurorawave,electronic,synthwave ambient,medium,"calm, melancholic, psychedelic"
circuito reggae,reggae,circuit reggae,medium,"calm, happy, energetic"
capleton,reggae,dancehall,medium,"happy, energetic"
cidade negra,reggae,roots reggae,medium,"calm, happy, melancholic"
ahzura,electronic,synth pop,medium,"happy, energetic"
ullien,electronic,ambient techno,low,"calm, melancholic"
10 years,rock,alternative metal,medium,"melancholic, energetic"
flo rida,hip_hop,pop rap,high,"happy, energetic"
mr nobody,other,experimental electronic,medium,"calm, melancholic, psychedelic"
taproot,rock,alternative metal,high,"aggressive, energetic"
shamanic guru,other,shamanic music,low,"calm, psychedelic"
massivebass,electronic,bass music,high,"energetic, happy"
camelphat,electronic,house music,high,"energetic, happy"
marcelo falco,other,experimental electronic,medium,"calm, psychedelic"
echoes of old stories,other,ambient folk,low,"calm, melancholic"
dubvision,electronic,progressive house,high,"happy, energetic"
via axis,electronic,ambient techno,low,"calm, melancholic"
marc benjamin,electronic,progressive house,high,"energetic, happy"
sevenn,electronic,house music,high,"energetic, happy"
testament,metal,thrash metal,very_high,"aggressive, energetic"
monod,electronic,ambient techno,low,"calm, melancholic"
chitozinho xoror,other,sertanejo music,medium,"happy, energetic"
frejat,rock,alternative rock,medium,"calm, melancholic, happy"
lil nas x,hip_hop,trap pop rap,high,"happy, energetic"
chinmaya mission,other,spiritual music,low,"calm, melancholic"
darvin,electronic,synth pop,medium,"happy, energetic"
energy healer,other,ambient healing,low,"calm, melancholic"
sticky fingers,rock,psychedelic rock,medium,"calm, melancholic, energetic"
hoobastank,rock,alternative rock,medium,"energetic, melancholic"
tibagi e miltinho,other,brazilian folk,medium,"calm, happy"
cristoph,electronic,house music,high,"energetic, happy"
hybit,electronic,ambient techno,low,"calm, melancholic"
lamb of god,metal,groove metal,very_high,"aggressive, energetic"
union jack,electronic,trance progressive,medium,"calm, psychedelic, energetic"
fam0uz,hip_hop,trap rap,high,"energetic, happy"
victor cena,other,experimental pop,medium,"calm, happy, energetic"
tool,metal,progressive metal,high,"aggressive, psychedelic, energetic"
indra,electronic,ambient downtempo chill,low,"calm, melancholic, psychedelic"
botond,electronic,ambient techno,low,"calm, melancholic"
eclip,electronic,ambient techno,low,"calm, melancholic"
shouse,electronic,dance pop,high,"happy, energetic"
novah,electronic,synth pop,medium,"calm, happy, energetic"
allaby,electronic,ambient techno,low,"calm, melancholic"
rain rec,electronic,ambient chill,low,"calm, melancholic"
jota quest,pop,rock pop band,medium,"happy, energetic"
shaman voices,other,world music,medium,"calm, psychedelic, melancholic"
night tales,electronic,synth pop,medium,"calm, happy, energetic"
akiaura,electronic,synth pop,medium,"calm, happy, energetic"
special m,electronic,experimental ambient,low,"calm, melancholic"
the healing buddha,other,psychedelic rock,medium,"calm, psychedelic, melancholic"
harmonika,other,experimental electronic,medium,"calm, psychedelic"
pnk,pop,electropop,medium,"happy, energetic"
gama bomb,metal,thrash metal,very_high,"aggressive, energetic"
blessthefall,metal,post-hardcore,high,"aggressive, energetic"
dillon francis,electronic,moombahton trap,high,"happy, energetic"
gabriel s,electronic,ambient techno,low,"calm, melancholic"
donaleda,electronic,ambient techno,low,"calm, melancholic"
afi,rock,post-hardcore punk,high,"aggressive, energetic, melancholic"
dusty kid,electronic,techno minimal,high,"energetic, psychedelic"
dias de truta,other,experimental rock,medium,"calm, melancholic, psychedelic"
brns,rock,indie pop,medium,"happy, energetic, psychedelic"
dj kuba,electronic,dance music,high,"energetic, happy"
agneton,electronic,ambient techno,low,"calm, melancholic"
the namaste,other,experimental ambient,low,"calm, melancholic, psychedelic"
twisted,electronic,experimental electronic,medium,"psychedelic, energetic"
r3hab,electronic,dance music,very_high,"happy, energetic"
mc wm,hip_hop,trap rap,high,"energetic, aggressive"
jeetu bhowmik,other,independent artist,medium,"calm, happy"
jah i ras,reggae,roots reggae,medium,"calm, happy, melancholic"
shtuby,electronic,experimental ambient,low,"calm, melancholic"
shawn mendes,pop,pop rock,medium,"happy, energetic, calm"
vic vision,hip_hop,alternative rap,medium,"energetic, happy"
sia,pop,electropop,medium,"calm, happy, melancholic"
djantrix,electronic,psytrance,high,"energetic, psychedelic"
50 cent,hip_hop,gangsta rap,high,"aggressive, energetic"
malifoo,electronic,experimental ambient,low,"calm, melancholic"
rem,rock,alternative rock,medium,"melancholic, calm"
fovos,electronic,ambient techno,low,"calm, melancholic"
zahar,electronic,ambient techno,low,"calm, melancholic"
luthier,other,experimental rock,medium,"calm, psychedelic"
lunar skybox,electronic,ambient chillwave,low,"calm, melancholic, psychedelic"
moti,electronic,future bass,high,"happy, energetic"
lulu santos,pop,brazilian pop,medium,"happy, melancholic"
dr dre,hip_hop,gangsta rap,high,"aggressive, energetic"
alchimyst,electronic,ambient techno,medium,"calm, psychedelic"
dom dolla,electronic,house music,high,"happy, energetic"
psydewise,electronic,psychedelic trance,high,"energetic, psychedelic"
silverchair,rock,alternative rock,medium,"melancholic, energetic"
lucas estrada,other,indie pop,medium,"calm, happy, melancholic"
sonny fodera,electronic,house music,high,"happy, energetic"
musical youth,reggae,dancehall reggae,medium,"happy, energetic"
disclosure,electronic,house music,high,"happy, energetic"
puddle of mudd,rock,post-grunge,medium,"aggressive, energetic, melancholic"
liu,electronic,ambient techno,low,"calm, melancholic"
hardwell,electronic,progressive house,very_high,"happy, energetic"
will k,electronic,house music,high,"happy, energetic"
parul garg,other,indian classical,low,"calm, melancholic"
naturem,electronic,ambient techno,low,"calm, melancholic"
honey revenge,rock,pop punk,high,"energetic, happy, aggressive"
ashra,electronic,ambient electronic,low,"calm, psychedelic"
haikaiss,hip_hop,trap rap,high,"energetic, aggressive"
robert schumann,other,classical romantic,low,"calm, melancholic"
pax saturnum,electronic,ambient techno,low,"calm, melancholic, psychedelic"
matt sassari,electronic,tech house,high,"energetic, happy"
ben bhmer,electronic,deep house,medium,"calm, happy, energetic"
julian marley,reggae,roots reggae,medium,"calm, happy, melancholic"
selena gomez,pop,dance pop,medium,"happy, energetic"
rain,electronic,ambient chill,low,"calm, melancholic"
john denver,rock,folk rock,medium,"calm, happy"
literrain,electronic,ambient techno,medium,"calm, melancholic"
the rocketman,rock,glam rock,high,"energetic, happy"
chezidek,reggae,roots reggae,medium,"calm, happy"
moreno e moreninho,other,brazilian music,medium,"happy, calm"
duran duran,pop,synth-pop new wave,medium,"happy, energetic"
parov stelar trio,electronic,electro swing,medium,"happy, energetic"
james arthur,pop,singer songwriter,medium,"calm, melancholic, happy"
mild minds,electronic,chill wave,low,"calm, melancholic"
nao zumbi,other,experimental rock,medium,"melancholic, psychedelic, energetic"
mystical mantras,other,spiritual ambient,low,"calm, psychedelic"
vianney lopez,pop,singer-songwriter,medium,"calm, happy, melancholic"
dua lipa,pop,dance pop,high,"happy, energetic"
junam,electronic,ambient downtempo chill,low,"calm, melancholic, psychedelic"
xxxtentacion,hip_hop,emo rap,medium,"melancholic, aggressive, energetic"
seether,rock,post-grunge alternative,medium,"aggressive, melancholic"
capital monkey,electronic,experimental electronic,medium,"calm, psychedelic, energetic"
lumo,electronic,ambient pop,low,"calm, melancholic"
razes rasta,reggae,roots reggae,medium,"calm, happy, melancholic"
tujamo,electronic,house music,high,"energetic, happy"
waio,electronic,ambient techno,medium,"calm, psychedelic"
we4sessions,electronic,ambient techno,medium,"calm, psychedelic"
j worra,electronic,house music,high,"energetic, happy"
terrafractyl,electronic,psychedelic trance,high,"energetic, psychedelic"
journey,rock,arena rock,high,"energetic, happy, melancholic"
psysex,electronic,psytrance,high,"energetic, psychedelic"
iza,pop,contemporary R&B,medium,"happy, energetic"
yellowcard,rock,pop punk,high,"happy, energetic"
lilly wood the prick,pop,indie pop,medium,"calm, happy, melancholic"
rain recordings,electronic,ambient experimental,low,"calm, melancholic"
dragon ball z,other,anime soundtrack,medium,"energetic, happy"
gothboy,hip_hop,emo rap,medium,"melancholic, calm"
jacob miller,reggae,roots reggae,medium,"calm, happy, melancholic"
marie vaunt,electronic,synth pop,medium,"calm, happy, energetic"
northerly nature,other,ambient folk,low,"calm, melancholic"
joaquim e manuel,other,fado music,low,"calm, melancholic"
acraze,electronic,house music,high,"happy, energetic"
blondie,rock,new wave punk,high,"energetic, happy, aggressive"
macklemore ryan lewis,hip_hop,alternative hip hop,medium,"happy, energetic, melancholic"
avaion,pop,synth pop,medium,"happy, energetic"
flegma,electronic,ambient techno,low,"calm, melancholic"
jazzotron,electronic,jazz fusion,medium,"calm, psychedelic"
regnskur,electronic,ambient techno,low,"calm, melancholic"
surf curse,rock,indie pop,medium,"calm, melancholic, energetic"
home,electronic,chillwave ambient,low,"calm, melancholic"
empirikal,electronic,experimental ambient,low,"calm, melancholic"
arankai,electronic,experimental ambient,low,"calm, melancholic"
undefined behavior,other,experimental electronic,medium,"calm, psychedelic, melancholic"
outsiders,rock,alternative rock,medium,"melancholic, energetic"
claudinho buchecha,pop,brazilian funk,high,"happy, energetic"
craig pruess,other,world fusion,medium,"calm, happy, melancholic"
silent sphere,electronic,ambient downtempo,low,"calm, melancholic"
l spirit,other,experimental ambient,low,"calm, melancholic, psychedelic"
sam smith,pop,soul pop,medium,"calm, melancholic, happy"
atech,electronic,ambient techno,low,"calm, melancholic"
jon pardi,other,country music,medium,happy
1200 micrograms,electronic,psychedelic trance,very_high,"energetic, psychedelic"
anthony b,reggae,dancehall,medium,"happy, energetic"
sandy,pop,indie pop,medium,"happy, calm"
matanza,other,carnival metal,high,"aggressive, energetic"
1kilo,hip_hop,trap rap,high,"energetic, aggressive"
mastodon,metal,progressive metal,high,"aggressive, energetic, melancholic"
hypaton,electronic,dance pop,high,"happy, energetic"
louis armstrong,other,jazz traditional,medium,"calm, happy"
alkaline trio,rock,punk rock,high,"aggressive, energetic, melancholic"
horizon project,electronic,trance ambient,medium,"calm, psychedelic"
rooftime,electronic,chillwave ambient,low,"calm, melancholic"
mariana nolasco,pop,indie pop,medium,"happy, calm"
medieval lofi ensemble,electronic,lofi ambient,low,"calm, melancholic"
pantomiman,electronic,experimental ambient,low,"calm, melancholic"
djavan,other,brazilian pop,medium,"calm, happy, melancholic"
samuel moriero,other,experimental rock,medium,"calm, melancholic, psychedelic"
iamjakehill,hip_hop,emo rap,medium,"melancholic, energetic"
tom odell,pop,indie pop,medium,"calm, melancholic"
gorgon city,electronic,house music,high,"energetic, happy"
the cranberries,rock,alternative rock,medium,"melancholic, calm, energetic"
pitbull,hip_hop,dance rap,high,"happy, energetic"
good charlotte,rock,pop punk,high,"energetic, happy, aggressive"
glwzbll,electronic,experimental ambient,low,"calm, melancholic"
dj topo,electronic,house music,high,"energetic, happy"
backstreet boys,pop,boy band pop,medium,"happy, energetic"
karoly botvay,other,experimental electronic,medium,"calm, psychedelic"
golden drops,electronic,synth pop,medium,"calm, happy, energetic"
atoom,electronic,ambient techno,low,"calm, melancholic"
blessed mane,hip_hop,trap rap,medium,"energetic, happy"
grimes,electronic,synth pop,medium,"happy, energetic, psychedelic"
pt adamczyk,other,experimental pop,medium,"calm, melancholic, psychedelic"
nueki,electronic,ambient techno,low,"calm, melancholic"
mercuroid,electronic,ambient techno,low,"calm, melancholic"
sebastian ingrosso,electronic,progressive house,high,"happy, energetic"
heilung,other,folk industrial,medium,"calm, melancholic, psychedelic"
nat king cole,other,jazz pop vocal,low,"calm, happy, melancholic"
angel choir of peace,other,choir music,low,"calm, melancholic"
blur,rock,alternative britpop,medium,"happy, energetic, melancholic"
delta pure waves,electronic,ambient techno,low,"calm, melancholic, psychedelic"
the viceroys,reggae,roots reggae,medium,"calm, happy, melancholic"
dennis,other,experimental pop,medium,"calm, melancholic, psychedelic"
the red jumpsuit apparatus,rock,post-hardcore,high,"energetic, aggressive, happy"
avantasia,metal,symphonic power metal,high,"energetic, happy, melancholic"
lmfao,electronic,dance pop,very_high,"happy, energetic"
diamba,other,world music,medium,"calm, happy, melancholic"
dod,electronic,experimental ambient,low,"calm, melancholic"
rain inc,electronic,ambient techno,low,"calm, melancholic"
diogo nogueira,other,samba pop,medium,"happy, energetic"
waves of sine,electronic,ambient techno,low,"calm, melancholic"
bliss,electronic,chill out,low,"calm, melancholic"
mystical complex,electronic,ambient techno,low,"calm, psychedelic"
michael calfan,electronic,house music,high,"happy, energetic"
dj aguilar,electronic,electronic dance,high,"energetic, happy"
the killers,rock,alternative rock,medium,"energetic, melancholic"
groundation,reggae,roots reggae,medium,"calm, happy, psychedelic"
aroshanti,electronic,ambient chill,low,"calm, melancholic"
grouch,hip_hop,underground rap,medium,"calm, melancholic, energetic"
curbi,hip_hop,trap rap,high,"energetic, aggressive"
natalie taylor,pop,singer songwriter,medium,"calm, melancholic, happy"
vedic moon,electronic,ambient downtempo,low,"calm, melancholic, psychedelic"
sideform,electronic,ambient techno,low,"calm, melancholic"
pollo,other,experimental pop,medium,"calm, happy, psychedelic"
martmois,electronic,ambient techno,low,"calm, melancholic"
eric prydz,electronic,progressive house,high,"energetic, happy"
drip drop,electronic,experimental pop,medium,"calm, psychedelic, energetic"
macklemore,hip_hop,alternative hip hop,medium,"happy, energetic"
airi,pop,synth pop,medium,"happy, energetic"
ekanta,electronic,ambient techno,low,"calm, melancholic"
jason mraz,pop,acoustic pop,medium,"happy, calm"
capital cities,pop,indie pop,medium,"happy, energetic"
frankjavcee,hip_hop,lofi hip hop,low,"calm, melancholic"
jimmy eat world,rock,emo pop punk,medium,"energetic, melancholic"
agnes nunes,pop,indie pop,medium,"happy, energetic"
dynoro,electronic,dance music,high,"energetic, happy"
5 seconds of summer,pop,pop rock,medium,"happy, energetic"
ellie goulding,pop,synth pop,medium,"happy, energetic, melancholic"
don carlos,reggae,roots reggae,medium,"calm, happy, melancholic"
taiwan mc,hip_hop,dancehall reggae,high,"energetic, happy"
novelists,rock,post-hardcore,high,"energetic, aggressive"
tailormade rain,other,indie pop,medium,"calm, melancholic, happy"
bayside kings,rock,alternative rock,medium,"energetic, happy"
aeon,electronic,ambient techno,low,"calm, melancholic"
freakaholics,electronic,dance music,high,"energetic, happy"
enya,electronic,new age,low,"calm, melancholic"
kevin dangello,electronic,synth pop,medium,"happy, energetic"
paula fernandes,pop,country pop,medium,"happy, calm"
us agroboy,electronic,experimental electronic,medium,"calm, psychedelic, energetic"
jan blomqvist,electronic,deep house,medium,"calm, melancholic, psychedelic"
zanon,electronic,experimental ambient,low,"calm, melancholic"
killer be killed,metal,heavy metal,very_high,"aggressive, energetic"
lum1na n0va,electronic,synth pop,medium,"calm, happy, psychedelic"
essel,electronic,synth pop,medium,"calm, happy, energetic"
fenix tx,rock,pop punk,high,"energetic, happy"
space 92,electronic,techno progressive,high,"energetic, psychedelic"
steel pulse,reggae,roots reggae,medium,"calm, happy, energetic"
black sabbath,metal,heavy metal,high,"aggressive, energetic, melancholic"
albert hoffman,other,psychedelic rock,medium,"calm, psychedelic, melancholic"
elysion,rock,alternative metal,medium,"melancholic, energetic"
3 doors down,rock,post-grunge alternative,medium,"calm, melancholic, energetic"
3x3cute,pop,synth pop,medium,"happy, energetic"
s3bzs,electronic,experimental ambient,low,"calm, melancholic"
al gromer khan,electronic,ambient fusion,low,"calm, melancholic, psychedelic"
dr namaste,electronic,ambient downtempo chill,low,"calm, melancholic, psychedelic"
panjabi mc,hip_hop,bhangra fusion,high,"happy, energetic"
acidus,electronic,acid techno,high,"psychedelic, energetic"
panic at the disco,rock,pop punk,high,"energetic, happy, melancholic"
os filhos de gois,other,brazilian folk,medium,"calm, happy, melancholic"
empire of the sun,electronic,synth-pop,medium,"happy, psychedelic, energetic"
mau p,electronic,house techno,high,"energetic, happy"
felix mendelssohn,other,classical romantic,low,"calm, melancholic"
jaded,electronic,chillwave,medium,"calm, melancholic"
dreamvibes,electronic,chillwave ambient,low,"calm, melancholic, psychedelic"
flor de sal,other,indie pop,medium,"calm, happy, melancholic"
oh the joy,pop,indie pop,medium,"happy, calm"
natur musikanten,other,ambient folk,low,"calm, melancholic"
mellow fields,other,ambient pop,low,"calm, melancholic"
hillary,pop,synth pop,medium,"happy, energetic"
elysium,electronic,ambient chill,low,"calm, melancholic"
surrenderdorothy,hip_hop,cloud rap,low,"calm, melancholic, psychedelic"
out of orbit,electronic,ambient techno,low,"calm, melancholic, psychedelic"
bolghar,other,experimental electronic,medium,"psychedelic, calm"
places we go,other,indie pop,medium,"calm, happy, melancholic"
a perfect circle,rock,alternative metal,medium,"melancholic, psychedelic, calm"
arlindo cruz,other,samba pagode,medium,"happy, calm"
soundaholix,electronic,ambient techno,medium,"calm, psychedelic, energetic"
nature vibrations,electronic,ambient chill,low,"calm, psychedelic"
dada life,electronic,electro house,very_high,"happy, energetic"
neheart,electronic,ambient techno,low,"calm, melancholic"
face to face,rock,punk rock,high,"energetic, aggressive"
fabio fusco,electronic,ambient techno,low,"calm, melancholic"
zonderling,electronic,future bass,high,"happy, energetic"
zoa,electronic,experimental ambient,low,"calm, melancholic"
simply red,pop,soul pop,medium,"calm, happy, melancholic"
row,other,experimental pop,medium,"calm, psychedelic"
route 94,electronic,deep house,medium,"calm, happy, energetic"
counting crows,rock,alternative rock,medium,"melancholic, calm, happy"
nbsplv,electronic,experimental ambient,low,"calm, melancholic"
10,other,experimental electronic,medium,"calm, psychedelic"
weezer,rock,alternative rock,medium,"happy, energetic, melancholic"
hugel,electronic,house music,high,"happy, energetic"
tinlicker,electronic,progressive house,medium,"calm, energetic"
singers of the art of living,other,spiritual music,low,"calm, melancholic"
tim berg,electronic,progressive house,high,"happy, energetic"
zinan,electronic,ambient techno,medium,"calm, psychedelic"
epiphonema,other,experimental ambient,low,"calm, melancholic, psychedelic"
ticon,electronic,progressive trance,high,"energetic, psychedelic"
superjoint ritual,metal,sludge metal,very_high,"aggressive, energetic"
john newman,pop,soul pop,medium,"happy, energetic"
apashe,electronic,trap bass,high,"energetic, aggressive"
lipless,electronic,ambient house,low,"calm, melancholic"
eliza doolittle,pop,soul pop,medium,"happy, energetic"
teddy swims,pop,soul pop,medium,"happy, energetic, calm"
grupo revelao,other,regional mexican,medium,"happy, energetic"
dj brenno paixo,electronic,house music,high,"energetic, happy"
juice wrld,hip_hop,emo rap,medium,"melancholic, energetic"
michael douglas,other,experimental pop,medium,"calm, melancholic, psychedelic"
yves v,electronic,dance music,high,"energetic, happy"
mylane,electronic,synth pop,medium,"happy, energetic"
drown in sulphur,metal,blackened death metal,very_high,"aggressive, melancholic"
drophic,electronic,ambient techno,low,"calm, melancholic"
rezodrone,electronic,ambient drone,low,"calm, melancholic, psychedelic"
alien project,electronic,psychedelic trance,high,"energetic, psychedelic"
rick rastro,other,experimental electronic,medium,"calm, psychedelic"
justin bieber,pop,dance pop,medium,"happy, energetic"
dream on dreamer,rock,post-hardcore,high,"energetic, aggressive, melancholic"
pawsa,electronic,ambient techno,low,"calm, melancholic"
migos,hip_hop,trap rap,high,"energetic, aggressive"
dj tonetto,electronic,house music,high,"energetic, happy"
georges bizet,other,classical opera,medium,"calm, melancholic"
luke combs,other,country music,medium,"happy, calm"
black pantera,metal,groove metal,very_high,"aggressive, energetic"
ghost,metal,heavy metal,high,"aggressive, energetic"
polar night,electronic,ambient chill,low,"calm, melancholic"
thales dumbra,other,experimental electronic,medium,"calm, psychedelic"
earthbound,electronic,ambient techno,low,"calm, melancholic"
aerosmith,rock,hard rock,high,"energetic, aggressive"
kaspar,electronic,ambient techno,low,"calm, melancholic"
ectima,electronic,ambient techno,low,"calm, melancholic"
mensana,electronic,ambient techno,low,"calm, melancholic"
antiflag,rock,punk rock,high,"aggressive, energetic"
electric youth,electronic,synth pop,medium,"calm, happy, energetic"
francois smith,other,experimental rock,medium,"calm, melancholic, psychedelic"
anonymus tech,electronic,techno ambient,medium,"calm, psychedelic"
samantha machado,pop,synth pop,medium,"happy, energetic"
bob,rock,alternative rock,medium,"calm, melancholic, energetic"
rob zombie,metal,industrial metal,very_high,"aggressive, energetic"
the smiths,rock,alternative rock,medium,"melancholic, calm"
repiet,electronic,ambient techno,low,"calm, melancholic"
harmonious nature,other,ambient folk,low,"calm, melancholic, psychedelic"
andrea botez,other,streaming content,medium,happy
french 79,electronic,synth pop,medium,"calm, happy, energetic"
ovnimoon,electronic,psychedelic trance,high,"energetic, psychedelic"
zapravka,electronic,experimental ambient,low,"calm, melancholic"
ancestral elephants,other,experimental rock,medium,"calm, psychedelic, melancholic"
lo canhoto robertinho,other,brazilian music,medium,"happy, calm"
ame,electronic,ambient house,low,"calm, melancholic"
xinobi,electronic,house music,medium,"happy, energetic"
moonclipse,electronic,ambient techno,low,"calm, melancholic, psychedelic"
pacific rain,electronic,ambient chill,low,"calm, melancholic"
september,pop,synth pop,medium,"happy, energetic"
lo delibes,other,classical ballet,low,"calm, melancholic"
french montana,hip_hop,trap rap,medium,"energetic, happy"
peter graham,other,classical crossover,medium,"calm, melancholic"
college,electronic,chillwave synthpop,medium,"calm, happy, melancholic"
awaken i am,rock,post-hardcore,high,"aggressive, energetic, melancholic"
audiotec,electronic,ambient techno,low,"calm, melancholic"
wah,electronic,experimental ambient,low,"calm, melancholic"
shinkeials,electronic,synth pop,medium,"happy, energetic"
ty burhoe,other,experimental ambient,low,"calm, melancholic"
topic,electronic,experimental pop,medium,"calm, psychedelic, energetic"
jimi jules,electronic,deep house,medium,"calm, happy, energetic"
vanessa carlton,pop,piano pop,medium,"calm, melancholic, happy"
pique novo,electronic,experimental ambient,low,"calm, melancholic"
sheila chandra,other,world music,low,"calm, melancholic"
brennan heart,electronic,hardstyle,very_high,"energetic, happy"
mc luiggi,hip_hop,trap rap,high,"energetic, happy"
shashikant vyas,other,experimental fusion,medium,"calm, psychedelic, energetic"
true north,rock,indie rock,medium,"calm, melancholic, energetic"
kell smith,pop,indie pop,medium,"calm, happy, melancholic"
